gtcregno,pIC50_mean,pIC50_stddev,smiles,Pass stddev check,Compound crystallised with protein
GTC000107A,6.981750000000001,0.1808708102486412,OC=O.O=C1Cc2cc(Nc3nccc(Nc4cccc5[nH]ncc45)n3)ccc2N1,True,False
GTC000108A,6.830500000000001,0.23829498525986603,OC(=O)C(F)(F)F.NC(=O)c1ccc(Nc2nccc(Nc3cccc4[nH]ncc34)n2)cc1,True,False
GTC000108B,7.256,0.04666904755831233,OC=O.NC(=O)c1ccc(Nc2nccc(Nc3cccc4[nH]ncc34)n2)cc1,True,False
GTC000109A,7.271,,OC=O.Cc1cc(=O)[nH]c2cc(Nc3nccc(Nc4cccc5[nH]ncc45)n3)ccc12,True,False
GTC000110A,6.273,,OC=O.NC(=O)c1cccc(Nc2nccc(Nc3cccc4[nH]ncc34)n2)c1,True,False
GTC000111A,6.653,,OC=O.C1Cc2cc(Nc3nccc(Nc4cccc5[nH]ncc45)n3)ccc2O1,True,False
GTC000112A,7.1875,0.1265721138323922,N(c1ccc2nn[nH]c2c1)c1nccc(Nc2cccc3[nH]ncc23)n1,True,False
GTC000113A,6.797000000000001,,OC=O.N(c1ccnc(Nc2cccc3[nH]ncc23)n1)c1cccc2[nH]ncc12,True,False
GTC000114A,6.686,,OC=O.CC(=O)N1CCc2cc(Nc3nccc(Nc4cccc5[nH]ncc45)n3)ccc12,True,False
GTC000115A,7.106,,OC=O.O=c1[nH]c2ccc(Nc3nccc(Nc4cccc5[nH]ncc45)n3)cc2[nH]1,True,False
GTC000116A,6.774000000000001,0.08909545442950491,OC=O.O=C1CCc2ccc(Nc3nccc(Nc4cccc5[nH]ncc45)n3)cc12,True,False
GTC000117A,7.04,,O=C1CCCc2cc(Nc3nccc(Nc4cccc5[nH]ncc45)n3)ccc12,True,False
GTC000118A,7.0865,0.31623250939775327,OC(=O)C(F)(F)F.COc1cc(Nc2nccc(Nc3cccc4[nH]ncc34)n2)cc(OC)c1,True,False
GTC000119A,6.683,,OC(=O)C(F)(F)F.OC(=O)c1cccc(Nc2nccc(Nc3cccc4[nH]ncc34)n2)c1,True,False
GTC000120A,7.5335,0.297691954879537,OC(=O)C(F)(F)F.NS(=O)(=O)c1cccc(Nc2nccc(Nc3cccc4[nH]ncc34)n2)c1,True,False
GTC000121A,6.73525,0.3902643334971819,OC(=O)C(F)(F)F.CS(=O)(=O)c1cccc(Nc2nccc(Nc3cccc4[nH]ncc34)n2)c1,True,False
GTC000122A,7.335,0.08909545442950459,OC(=O)C(F)(F)F.N(c1ccnc(Nc2ccc3ncsc3c2)n1)c1cccc2[nH]ncc12,True,False
GTC000123A,7.1370000000000005,0.11879393923934041,OC(=O)C(F)(F)F.Cc1nc2ccc(Nc3nccc(Nc4cccc5[nH]ncc45)n3)cc2s1,True,False
GTC000124A,7.7185,0.07848885271170723,OC(=O)C(F)(F)F.Cn1ncc2ccc(Nc3nccc(Nc4cccc5[nH]ncc45)n3)cc12,True,False
GTC000125A,6.6175,0.4391133111168454,OC(=O)C(F)(F)F.OC(=O)Cc1cccc(Nc2nccc(Nc3cccc4[nH]ncc34)n2)c1,True,False
GTC000126A,7.5145,0.19304015126392818,OC(=O)C(F)(F)F.N(c1cccc(c1)-c1cc[nH]n1)c1nccc(Nc2cccc3[nH]ncc23)n1,True,False
GTC000127A,6.602,,COC(=O)c1cccc(Nc2nccc(Nc3cccc4[nH]ncc34)n2)c1,True,False
GTC000127B,7.064,0.23900209204105344,OC(=O)C(F)(F)F.COC(=O)c1cccc(Nc2nccc(Nc3cccc4[nH]ncc34)n2)c1,True,False
GTC000128A,6.659,,OC(=O)C(F)(F)F.CC(C)c1ccc(Nc2nccc(Nc3cccc4[nH]ncc34)n2)cc1,True,False
GTC000129A,6.6579999999999995,,OC(=O)C(F)(F)F.C1CN(CCO1)c1ccc(Nc2nccc(Nc3cccc4[nH]ncc34)n2)cc1,True,False
GTC000130A,8.154499999999999,0.4391133111168457,OC(=O)C(F)(F)F.N(c1cccc(c1)-c1nnn[nH]1)c1nccc(Nc2cccc3[nH]ncc23)n1,True,False
GTC000131A,7.1785,0.03747665940288666,OC(=O)C(F)(F)F.N#Cc1cccc(Nc2nccc(Nc3cccc4[nH]ncc34)n2)c1,True,False
GTC000132A,6.722,0.2462600251766415,OC(=O)C(F)(F)F.FC(F)(F)c1cccc(Nc2nccc(Nc3cccc4[nH]ncc34)n2)c1,True,False
GTC000133A,7.5565,0.29062088706767103,OC(=O)C(F)(F)F.O=C1NS(=O)(=O)c2cc(Nc3nccc(Nc4cccc5[nH]ncc45)n3)ccc12,True,False
GTC000134A,7.226,0.27026283503286214,OC(=O)C(F)(F)F.Cc1ncoc1-c1cccc(Nc2nccc(Nc3cccc4[nH]ncc34)n2)c1,True,False
GTC000135A,6.510750000000001,0.3221680462119115,OC(=O)C(F)(F)F.COc1ccc(Nc2nccc(Nc3cccc4[nH]ncc34)n2)cc1,True,False
GTC000136A,6.687,,OC(=O)C(F)(F)F.FC(F)(F)c1ccc(Nc2nccc(Nc3cccc4[nH]ncc34)n2)cc1,True,False
GTC000137A,6.766500000000001,0.23648890037378034,OC(=O)C(F)(F)F.N(c1cccc(c1)-c1ccsc1)c1nccc(Nc2cccc3[nH]ncc23)n1,True,False
GTC000138A,7.003500000000001,0.41507168055650356,OC(=O)C(F)(F)F.Oc1ccc(Nc2nccc(Nc3cccc4[nH]ncc34)n2)cc1,True,False
GTC000139A,6.675,,OC(=O)C(F)(F)F.N#Cc1ccc(Nc2nccc(Nc3cccc4[nH]ncc34)n2)cc1,True,False
GTC000140A,7.325,0.16091198422326028,OC(=O)C(F)(F)F.CNC(=O)COc1cccc(Nc2nccc(Nc3cccc4[nH]ncc34)n2)c1,True,False
GTC000141A,6.6129999999999995,0.3016963153017728,OC(=O)C(F)(F)F.COc1ccc(Nc2nccc(Nc3cccc4[nH]ncc34)n2)cc1Cl,True,False
GTC000142A,6.7695,0.2481944801964788,OC(=O)C(F)(F)F.C1Cc2ccc(Nc3nccc(Nc4cccc5[nH]ncc45)n3)cc2C1,True,False
GTC000143A,6.75,0.4764276790167982,OC(=O)C(F)(F)F.O=C1OCc2ccc(Nc3nccc(Nc4cccc5[nH]ncc45)n3)cc12,True,False
GTC000144A,7.427,0.6250823945689074,OC(=O)C(F)(F)F.FC1(F)Oc2ccc(Nc3nccc(Nc4cccc5[nH]ncc45)n3)cc2NC1=O,False,False
GTC000145A,7.114,0.4228498551495547,OC(=O)C(F)(F)F.CC1(C)Oc2ccc(Nc3nccc(Nc4cccc5[nH]ncc45)n3)cc2NC1=O,True,False
GTC000146A,7.0649999999999995,0.1697056274847706,OC=O.CNC(=O)c1ccc(Nc2nccc(Nc3cccc4[nH]ncc34)n2)cc1,True,False
GTC000147A,7.09,0.1810193359837554,OC=O.O=S1(=O)Cc2ccc(Nc3nccc(Nc4cccc5[nH]ncc45)n3)cc2C1,True,False
GTC000148A,7.8345,0.48012550442566565,OC(=O)C(F)(F)F.Cc1nc(no1)-c1cccc(Nc2nccc(Nc3cccc4[nH]ncc34)n2)c1,True,False
GTC000149A,7.870500000000001,0.383958982184296,OC(=O)C(F)(F)F.O=C1Nc2ccc(Nc3nccc(Nc4cccc5[nH]ncc45)n3)cc2CO1,True,False
GTC000150A,6.502000000000001,,OC(=O)C(F)(F)F.CCN(CC)C(=O)c1ccc(Nc2nccc(Nc3cccc4[nH]ncc34)n2)cc1,True,False
GTC000151A,7.397000000000001,0.5525332569176269,OC(=O)C(F)(F)F.CCNC(=O)c1ccc(Nc2nccc(Nc3cccc4[nH]ncc34)n2)cc1,False,False
GTC000152A,7.108499999999999,0.07848885271170629,OC(=O)C(F)(F)F.O=C1OCc2cc(Nc3nccc(Nc4cccc5[nH]ncc45)n3)ccc12,True,False
GTC000153A,7.236,0.15681517783684074,OC(=O)C(F)(F)F.O=S1(=O)NCc2cc(Nc3nccc(Nc4cccc5[nH]ncc45)n3)ccc12,True,False
GTC000154A,7.517,0.19091883092036754,OC(=O)C(F)(F)F.O=C1Cc2ccc(Nc3nccc(Nc4cccc5[nH]ncc45)n3)cc2N1,True,False
GTC000155A,7.06425,0.34886805051002684,OC(=O)C(F)(F)F.C1Oc2ccc(Nc3nccc(Nc4cccc5[nH]ncc45)n3)cc2O1,True,False
GTC000156A,7.6015,0.18031222920256923,OC(=O)C(F)(F)F.N(c1cccc(c1)-c1cnco1)c1nccc(Nc2cccc3[nH]ncc23)n1,True,False
GTC000157A,8.043,0.31819805153394587,OC(=O)C(F)(F)F.N(c1ccnc(Nc2cccc(c2)-c2nc3ccccc3[nH]2)n1)c1cccc2[nH]ncc12,True,False
GTC000158A,6.889666666666667,0.24060825699325777,OC(=O)C(F)(F)F.Cn1c2ccc(Nc3nccc(Nc4cccc5[nH]ncc45)n3)cc2n(C)c1=O,True,False
GTC000159A,7.551,,OC(=O)C(F)(F)F.Cc1cc(=O)[nH]c2ccc(Nc3nccc(Nc4cccc5[nH]ncc45)n3)cc12,True,False
GTC000160A,7.2170000000000005,0.13859292911256407,OC(=O)C(F)(F)F.N(c1ccc2oncc2c1)c1nccc(Nc2cccc3[nH]ncc23)n1,True,False
GTC000161A,7.114,,OC(=O)C(F)(F)F.CS(=O)(=O)Nc1cccc(Nc2nccc(Nc3cccc4[nH]ncc34)n2)c1,True,False
GTC000162A,6.865333333333333,0.2237237880363494,OC(=O)C(F)(F)F.Cn1cnc2cc(Nc3nccc(Nc4cccc5[nH]ncc45)n3)ccc12,True,False
GTC000163A,6.7410000000000005,0.12020815280171303,OC(=O)C(F)(F)F.Cc1ncoc1-c1ccc(Nc2nccc(Nc3cccc4[nH]ncc34)n2)cc1,True,False
GTC000164A,6.989,0.2895790047638124,OC(=O)C(F)(F)F.Cn1ncc2cc(Nc3nccc(Nc4cccc5[nH]ncc45)n3)ccc12,True,False
GTC000165A,6.70775,0.1881318243501971,OC(=O)C(F)(F)F.N(c1ccc(cc1)-c1cnco1)c1nccc(Nc2cccc3[nH]ncc23)n1,True,False
GTC000166A,6.6160000000000005,,OC(=O)C(F)(F)F.O=C1CNC(=O)N1c1ccc(Nc2nccc(Nc3cccc4[nH]ncc34)n2)cc1,True,False
GTC000167A,6.632000000000001,,OC(=O)C(F)(F)F.O=C1CNC(=O)N1c1cccc(Nc2nccc(Nc3cccc4[nH]ncc34)n2)c1,True,False
GTC000168A,6.33,,OC=O.Cc1nc2cc(Nc3nccc(Nc4cccc5[nH]ncc45)n3)ccc2s1,True,False
GTC000169A,6.496,0.16970562748477155,OC=O.O=c1ccc2cc(Nc3nccc(Nc4cccc5[nH]ncc45)n3)ccc2o1,True,False
GTC000170A,6.242000000000001,,CN1C(=O)c2ccc(Nc3nccc(Nc4cccc5[nH]ncc45)n3)cc2C1=O,True,False
GTC000171A,6.296,,O=C1NC(=O)c2cc(Nc3nccc(Nc4cccc5[nH]ncc45)n3)ccc12,True,False
GTC000172A,6.23,,OC(=O)C(F)(F)F.CCN(C(C)=O)c1ccc(Nc2nccc(Nc3cccc4[nH]ncc34)n2)cc1,True,False
GTC000173A,6.53725,0.3015254273412667,OC(=O)C(F)(F)F.C(Oc1cccc(Nc2nccc(Nc3cccc4[nH]ncc34)n2)c1)c1ccccc1,True,False
GTC000174A,6.718,0.05374011537017798,OC(=O)C(F)(F)F.COC(=O)c1ccc(Nc2nccc(Nc3cccc4[nH]ncc34)n2)cc1,True,False
GTC000175A,6.101,,OC=O.CN(C(C)=O)c1ccc(Nc2nccc(Nc3cccc4[nH]ncc34)n2)cc1,True,False
GTC000176A,6.294,,OC=O.CC(C)(C)c1ccc(Nc2nccc(Nc3cccc4[nH]ncc34)n2)cc1,True,False
GTC000177A,7.59525,0.22661770304487075,Cc1cc(Nc2nccc(Nc3cccc4[nH]ncc34)n2)cc2c(C)cc(=O)[nH]c12,True,False
GTC000178A,6.164,,OC=O.CC(C)ONS(=O)(=O)c1cccc(Nc2nccc(Nc3cccc4[nH]ncc34)n2)c1,True,False
GTC000179A,5.381,,OC(=O)C(F)(F)F.O=S(=O)(N1CCCCC1)c1cccc(Nc2nccc(Nc3cccc4[nH]ncc34)n2)c1,True,False
GTC000180A,6.6295,0.09970205614730321,CONS(=O)(=O)c1ccc(Nc2nccc(Nc3cccc4[nH]ncc34)n2)cc1,True,False
GTC000181A,6.9,0.24202272620561924,NS(=O)(=O)c1ccc(Nc2nccc(Nc3cccc4[nH]ncc34)n2)cc1,True,False
GTC000182A,6.382,0.02545584412271636,O=C(Nc1ccccc1)c1ccc(Nc2nccc(Nc3cccc4[nH]ncc34)n2)cc1,True,False
GTC000183A,6.236,0.03818376618407376,Cc1ccc(NC(=O)c2ccc(Nc3nccc(Nc4cccc5[nH]ncc45)n3)cc2)cc1,True,False
GTC000184A,6.484333333333335,0.26748146353221075,CNS(=O)(=O)c1ccc(Nc2nccc(Nc3cccc4[nH]ncc34)n2)cc1,True,False
GTC000185A,5.377999999999999,,CN1CCN(CC1)C(=O)c1ccc(Nc2nccc(Nc3cccc4[nH]ncc34)n2)cc1,True,False
GTC000186A,6.2905,0.11242997820866124,O=S(=O)(Nc1nccs1)c1ccc(Nc2nccc(Nc3cccc4[nH]ncc34)n2)cc1,True,False
GTC000187A,5.937,0.10748023074035469,Cc1noc(NS(=O)(=O)c2ccc(Nc3nccc(Nc4cccc5[nH]ncc45)n3)cc2)c1C,True,False
GTC000188A,5.8085,0.08980256121069201,O=S(=O)(N1CCCC1)c1ccc(Nc2nccc(Nc3cccc4[nH]ncc34)n2)cc1,True,False
GTC000189A,6.130333333333333,0.10450039872332274,Cc1cc(NS(=O)(=O)c2ccc(Nc3nccc(Nc4cccc5[nH]ncc45)n3)cc2)no1,True,False
GTC000190A,5.957000000000001,,OC=O.OS(=O)(=O)c1cccc(Nc2nccc(Nc3cccc4[nH]ncc34)n2)c1,True,False
GTC000191A,6.2075,0.05020458146424437,O=S(=O)(Nc1ccccn1)c1ccc(Nc2nccc(Nc3cccc4[nH]ncc34)n2)cc1,True,False
GTC000192A,6.2139999999999995,,OCCCNC(=O)COc1ccc(Nc2nccc(Nc3cccc4[nH]ncc34)n2)cc1,True,False
GTC000193A,6.24,,OCCCNS(=O)(=O)Cc1cccc(Nc2nccc(Nc3cccc4[nH]ncc34)n2)c1,True,False
GTC000194A,5.806,0.1116378072160141,CC(C)(C)OC(=O)COc1ccc(Nc2nccc(Nc3cccc4[nH]ncc34)n2)cc1,True,False
GTC000195A,6.371,,CNS(=O)(=O)Cc1ccc(Nc2nccc(Nc3cccc4[nH]ncc34)n2)cc1,True,False
GTC000196A,6.644,,NC(=O)COc1ccc(Nc2nccc(Nc3cccc4[nH]ncc34)n2)cc1,True,False
GTC000197A,6.524,,CNC(=O)COc1ccc(Nc2nccc(Nc3cccc4[nH]ncc34)n2)cc1,True,False
GTC000198A,6.487,,Cl.Cl.Cl.OC(=O)COc1ccc(Nc2nccc(Nc3cccc4[nH]ncc34)n2)cc1,True,False
GTC000199A,6.31,,COC(=O)COc1ccc(Nc2nccc(Nc3cccc4[nH]ncc34)n2)cc1,True,False
GTC000200A,5.8965000000000005,0.21991020894901622,Cc1noc(NS(=O)(=O)Cc2ccc(Nc3nccc(Nc4cccc5[nH]ncc45)n3)cc2)c1C,True,False
GTC000201A,5.959,,Cc1nc(NS(=O)(=O)Cc2ccc(Nc3nccc(Nc4cccc5[nH]ncc45)n3)cc2)sc1C,True,False
GTC000202A,6.151,,O=C1CCCN1CCCNS(=O)(=O)Cc1ccc(Nc2nccc(Nc3cccc4[nH]ncc34)n2)cc1,True,False
GTC000203A,6.127000000000001,,OCCCNS(=O)(=O)Cc1ccc(Nc2nccc(Nc3cccc4[nH]ncc34)n2)cc1,True,False
GTC000204A,5.684,,O=C(COc1ccc(Nc2nccc(Nc3cccc4[nH]ncc34)n2)cc1)NCCCN1CCCC1=O,True,False
GTC000205A,6.034,,Cc1noc(NC(=O)Cc2ccc(Nc3nccc(Nc4cccc5[nH]ncc45)n3)cc2)c1C,True,False
GTC000206A,6.194,,Cc1cc(NC(=O)Cc2ccc(Nc3nccc(Nc4cccc5[nH]ncc45)n3)cc2)no1,True,False
GTC000207A,6.6339999999999995,,CS(=O)(=O)Cc1ccc(Nc2nccc(Nc3cccc4[nH]ncc34)n2)cc1,True,False
GTC000208A,6.071000000000001,,COc1ccc(NC(=O)Cc2ccc(Nc3nccc(Nc4cccc5[nH]ncc45)n3)cc2)cc1,True,False
GTC000209A,6.281000000000001,,COc1cccc(NC(=O)Cc2ccc(Nc3nccc(Nc4cccc5[nH]ncc45)n3)cc2)c1,True,False
GTC000210A,6.7517499999999995,0.39090269462702193,OC(=O)c1ccc(Nc2nccc(Nc3cccc4[nH]ncc34)n2)cc1,True,False
GTC000211A,5.5329999999999995,,FC(F)(F)c1ccc(NC(=O)Cc2ccc(Nc3nccc(Nc4cccc5[nH]ncc45)n3)cc2)cc1,True,False
GTC000212A,5.984,,FC(F)(F)c1cccc(NC(=O)Cc2ccc(Nc3nccc(Nc4cccc5[nH]ncc45)n3)cc2)c1,True,False
GTC000213A,5.857,,Clc1cccc(NC(=O)Cc2ccc(Nc3nccc(Nc4cccc5[nH]ncc45)n3)cc2)c1,True,False
GTC000214A,5.855,,Clc1ccc(NC(=O)Cc2ccc(Nc3nccc(Nc4cccc5[nH]ncc45)n3)cc2)cc1,True,False
GTC000215A,6.17,,Cc1nc(NC(=O)Cc2ccc(Nc3nccc(Nc4cccc5[nH]ncc45)n3)cc2)sc1C,True,False
GTC000216A,6.082000000000001,,O=C(Cc1ccc(Nc2nccc(Nc3cccc4[nH]ncc34)n2)cc1)Nc1ccncc1,True,False
GTC000217A,6.382999999999999,,CS(=O)(=O)Nc1ccc(Nc2nccc(Nc3cccc4[nH]ncc34)n2)cc1,True,False
GTC000218A,5.901,,CNC(=O)Cc1ccc(Nc2nccc(Nc3cccc4[nH]ncc34)n2)cc1,True,False
GTC000219A,6.265,,O=C(Cc1ccc(Nc2nccc(Nc3cccc4[nH]ncc34)n2)cc1)Nc1cccnc1,True,False
GTC000220A,6.037999999999999,,Cc1ccc(cc1)S(=O)(=O)Nc1ccc(Nc2nccc(Nc3cccc4[nH]ncc34)n2)cc1,True,False
GTC000221A,6.8406666666666665,0.24364386578227945,OC=O.N(c1ccc2[nH]ncc2c1)c1nccc(Nc2cccc3[nH]ncc23)n1,True,False
GTC000222A,7.911333333333334,0.11218882891506272,OC(=O)C(F)(F)F.CCN(c1cccc2[nH]ncc12)c1nc(Nc2ccc3CNS(=O)(=O)c3c2)ncc1Cl,True,True
GTC000223A,8.462,,OCCN(c1ccnc(Nc2ccc3CNS(=O)(=O)c3c2)n1)c1cccc2[nH]ncc12,True,True
GTC000224A,7.954,,Cc1ncoc1-c1cccc(Nc2nccc(n2)N(CCCO)c2cccc3[nH]ncc23)c1,True,True
GTC000225A,7.7095,0.03181980515339459,Cn1ncc2cc(Nc3nccc(n3)N(CCCO)c3cccc4[nH]ncc34)ccc12,True,True
GTC000226A,8.9095,0.419928168460592,OC(=O)C(F)(F)F.OCCCN(c1ccnc(Nc2ccc3CNS(=O)(=O)c3c2)n1)c1cccc2[nH]ncc12,True,True
GTC000226B,8.651499999999999,0.27157626307662863,OCCCN(c1ccnc(Nc2ccc3CNS(=O)(=O)c3c2)n1)c1cccc2[nH]ncc12,True,True
GTC000227A,8.877333333333333,0.37985040915251544,NCCCN(c1ccnc(Nc2ccc3CNS(=O)(=O)c3c2)n1)c1cccc2[nH]ncc12,True,False
GTC000228A,8.785,0.24748737341529264,OC(=O)C(F)(F)F.COCCCN(c1cccc2[nH]ncc12)c1nc(Nc2ccc3CNS(=O)(=O)c3c2)ncc1F,True,False
GTC000228B,8.568416666666666,0.22406511161362067,COCCCN(c1cccc2[nH]ncc12)c1nc(Nc2ccc3CNS(=O)(=O)c3c2)ncc1F,True,False
GTC000228C,8.544,,Cl.COCCCN(c1cccc2[nH]ncc12)c1nc(Nc2ccc3CNS(=O)(=O)c3c2)ncc1F,True,False
GTC000229A,8.794666666666666,0.16657230662187913,OC(=O)C(F)(F)F.OC(=O)CCCCN(c1ccnc(Nc2ccc3CNS(=O)(=O)c3c2)n1)c1cccc2[nH]ncc12,True,False
GTC000230A,8.837,,OCCCN(c1cccc2[nH]ncc12)c1nc(Nc2ccc3CNS(=O)(=O)c3c2)ncc1F,True,False
GTC000231A,8.849,,OC=O.CC(=O)NCCCCN(c1ccnc(Nc2ccc3[nH]c(=O)[nH]c3c2)n1)c1cccc2[nH]ncc12,True,False
GTC000232A,8.687999999999999,,OCCN(c1ccnc(Nc2ccc3nn[nH]c3c2)n1)c1cccc2[nH]ncc12,True,False
GTC000233A,8.578811111111111,0.21550958134254014,CCN(c1cccc2[nH]ncc12)c1nc(Nc2ccc3CNS(=O)(=O)c3c2)ncc1F,True,True
GTC000234A,8.552666666666667,0.21023875316728086,OC(=O)C(F)(F)F.Cc1nn(CCCO)c2cc(Nc3ncc(F)c(n3)N(CCCO)c3cccc4[nH]ncc34)ccc12,True,False
GTC000235A,8.504666666666667,0.4248121153325698,OC(=O)C(F)(F)F.OCCCCN(c1nc(Nc2ccc3CCS(=O)(=O)c3c2)ncc1F)c1cccc2[nH]ncc12,True,False
GTC000236A,8.51875,0.2352224124808965,OC(=O)C(F)(F)F.COCCCN(c1ccnc(Nc2ccc3CNS(=O)(=O)c3c2)n1)c1cccc2[nH]ncc12,True,False
GTC000237A,8.4545,0.23270224178837062,OC(=O)C(F)(F)F.CCN(c1cccc2[nH]ncc12)c1nc(Nc2ccc3[nH]c(=O)[nH]c3c2)ncc1F,True,False
GTC000237B,8.3125,0.35143207024971407,CCN(c1cccc2[nH]ncc12)c1nc(Nc2ccc3[nH]c(=O)[nH]c3c2)ncc1F,True,False
GTC000238A,8.535,,OC(=O)C(F)(F)F.COCCCN(c1ccnc(Nc2ccc3NC(=O)OCc3c2)n1)c1cccc2[nH]ncc12,True,False
GTC000239A,8.5,,OC=O.CS(=O)(=O)NCCCN(c1ccnc(Nc2ccc3[nH]c(=O)[nH]c3c2)n1)c1cccc2[nH]ncc12,True,False
GTC000240A,8.493,,OC(=O)C(F)(F)F.CCN(c1cccc2[nH]ncc12)c1nc(Nc2cccc(c2)S(N)(=O)=O)ncc1F,True,False
GTC000240B,7.729666666666667,0.030924639582916816,CCN(c1cccc2[nH]ncc12)c1nc(Nc2cccc(c2)S(N)(=O)=O)ncc1F,True,False
GTC000241A,8.537,,OCCCCN(c1ccnc(Nc2ccc3CNS(=O)(=O)c3c2)n1)c1cccc2[nH]ncc12,True,False
GTC000242A,8.445400000000001,0.28412901998915885,CCN(c1cccc2[nH]ncc12)c1nc(Nc2ccc3c(C)nn(CCCO)c3c2)ncc1F,True,False
GTC000243A,8.360222222222223,0.15845644336676423,CCCN(c1cccc2[nH]ncc12)c1nc(Nc2ccc3CNS(=O)(=O)c3c2)ncc1F,True,False
GTC000244A,8.42,0.1427900556761571,NCCCCCN(c1ccnc(Nc2ccc3CNS(=O)(=O)c3c2)n1)c1cccc2[nH]ncc12,True,False
GTC000245A,8.411,,OC(=O)CCCN(c1ccnc(Nc2ccc3CNS(=O)(=O)c3c2)n1)c1cccc2[nH]ncc12,True,False
GTC000246A,8.443999999999999,,OC(=O)C(F)(F)F.COCCCN(c1ccnc(Nc2ccc3[nH]c(=O)[nH]c3c2)n1)c1cccc2[nH]ncc12,True,False
GTC000247A,8.372,,OC(=O)C(F)(F)F.CCN(c1cccc2[nH]ncc12)c1nc(Nc2ccc3cn[nH]c3c2)ncc1F,True,False
GTC000248A,8.408999999999999,,OC(=O)C(F)(F)F.CN(c1cccc2[nH]ncc12)c1nc(Nc2ccc3NC(=O)OCc3c2)ncc1F,True,False
GTC000249A,8.3175,0.5423509011700819,OC(=O)C(F)(F)F.CN(c1nc(Nc2ccc3CNS(=O)(=O)c3c2)ncc1F)c1cccc2[nH]ncc12,False,True
GTC000250A,8.265500000000001,0.3197472960532013,CCN(c1cccc2[nH]ncc12)c1nc(Nc2ccc3cnn(CCCO)c3c2)ncc1F,True,True
GTC000251A,8.347000000000001,0.11717081547894086,OC(=O)C(F)(F)F.OCCCN(c1nc(Nc2ccc3CCS(=O)(=O)c3c2)ncc1F)c1cccc2[nH]ncc12,True,False
GTC000252A,8.306000000000001,,OC(=O)C(F)(F)F.NCCCN(c1nc(Nc2ccc3CCS(=O)(=O)c3c2)ncc1F)c1cccc2[nH]ncc12,True,False
GTC000253A,8.285,,OC(=O)C(F)(F)F.Fc1cnc(Nc2ccc3CNS(=O)(=O)c3c2)nc1N(CC1CCOC1)c1cccc2[nH]ncc12,True,False
GTC000254A,8.323,,OC(=O)C(F)(F)F.OCCN(c1nc(Nc2ccc3CCS(=O)(=O)c3c2)ncc1F)c1cccc2[nH]ncc12,True,False
GTC000255A,8.334,,OC(=O)C(F)(F)F.CCN(c1nc(Nc2ccc3cnn(C)c3c2)ncc1F)c1cccc2[nH]ncc12,True,False
GTC000256A,8.3,,OCCCN(c1ccnc(Nc2ccc3[nH]c(=O)[nH]c3c2)n1)c1cccc2[nH]ncc12,True,False
GTC000257A,8.298,,OC(=O)C(F)(F)F.COCCCN(c1ccnc(Nc2ccc3nn[nH]c3c2)n1)c1cccc2[nH]ncc12,True,False
GTC000258A,8.301,,OCCN(c1ccnc(Nc2ccc3NC(=O)OCc3c2)n1)c1cccc2[nH]ncc12,True,False
GTC000259A,8.299,,NS(=O)(=O)c1cccc(Nc2nccc(n2)N(CCCO)c2cccc3[nH]ncc23)c1,True,False
GTC000260A,8.261000000000001,,OC(=O)C(F)(F)F.CCN(c1nc(Nc2ccc(cc2)C(N)=O)ncc1F)c1cccc2[nH]ncc12,True,False
GTC000261A,8.298,,OC(=O)C(F)(F)F.CCN(c1cccc2[nH]ncc12)c1nc(Nc2ccc(cc2)S(N)(=O)=O)ncc1F,True,False
GTC000262A,8.293,,OCCCN(c1cccc2[nH]ncc12)c1nc(Nc2ccc3[nH]c(=O)[nH]c3c2)ncc1F,True,False
GTC000263A,8.312999999999999,,OC(=O)C(F)(F)F.COCCCN(c1cccc2[nH]ncc12)c1nc(Nc2ccc3[nH]c(=O)[nH]c3c2)ncc1F,True,False
GTC000264A,8.276,,OC(=O)C(F)(F)F.CN(c1cccc2[nH]ncc12)c1nc(Nc2ccc3[nH]c(=O)[nH]c3c2)ncc1F,True,False
GTC000265A,8.252,,CN(c1cccc2[nH]ncc12)c1nc(Nc2ccc3nn[nH]c3c2)ncc1F,True,False
GTC000266A,8.217888888888888,0.3443357534603566,Cn1ncc2ccc(Nc3ncc(F)c(n3)N(CCCO)c3cccc4[nH]ncc34)cc12,True,False
GTC000266B,8.147499999999999,0.28354981925580447,OC(=O)C(F)(F)F.Cn1ncc2ccc(Nc3ncc(F)c(n3)N(CCCO)c3cccc4[nH]ncc34)cc12,True,False
GTC000266C,7.9815000000000005,0.14919953083036142,Cl.Cn1ncc2ccc(Nc3ncc(F)c(n3)N(CCCO)c3cccc4[nH]ncc34)cc12,True,False
GTC000267A,8.203,,OC(=O)C(F)(F)F.CCN(c1cccc2[nH]ncc12)c1nc(Nc2ccc3nn[nH]c3c2)ncc1F,True,False
GTC000268A,8.17,,CCN(c1nc(Nc2ccc3NC(=O)OCc3c2)ncc1F)c1cccc2[nH]ncc12,True,False
GTC000269A,8.157,,NCCCCCN(c1ccnc(Nc2ccc3[nH]c(=O)[nH]c3c2)n1)c1cccc2[nH]ncc12,True,False
GTC000270A,8.158,,Cn1ncc2ccc(Nc3nccc(n3)N(CCCO)c3cccc4[nH]ncc34)cc12,True,False
GTC000271A,8.179,,OC(=O)C(F)(F)F.CCN(c1cccc2[nH]ncc12)c1nc(Nc2ccc(cc2)C(=O)NC)ncc1F,True,False
GTC000272A,8.158,,OC(=O)C(F)(F)F.CCN(c1cccc2[nH]ncc12)c1nc(Nc2ccc3NC(=O)Cc3c2)ncc1F,True,False
GTC000273A,8.169,,COCCCN(c1cccc2[nH]ncc12)c1nc(Nc2ccc3NC(=O)OCc3c2)ncc1F,True,False
GTC000274A,8.23,,Cn1ncc2ccc(Nc3nccc(n3)N(CCCCO)c3cccc4[nH]ncc34)cc12,True,False
GTC000275A,8.216000000000001,,Cl.OCCCCN(c1ccnc(Nc2ccc3nn[nH]c3c2)n1)c1cccc2[nH]ncc12,True,False
GTC000276A,8.222999999999999,,OC(=O)C(F)(F)F.CN(c1nc(Nc2ccc3cnn(C)c3c2)ncc1F)c1cccc2[nH]ncc12,True,False
GTC000277A,8.1305,0.017677669529662685,OC(=O)C(F)(F)F.CCN(c1nc(Nc2ccc3CCS(=O)(=O)c3c2)ncc1F)c1cccc2[nH]ncc12,True,False
GTC000278A,8.097999999999999,,OC(=O)C(F)(F)F.Fc1cnc(Nc2ccc3CCS(=O)(=O)c3c2)nc1N(CC1CCCO1)c1cccc2[nH]ncc12,True,False
GTC000279A,8.124,,OC(=O)C(F)(F)F.COCCCN(c1nc(Nc2ccc3c(C)nn(CCCO)c3c2)ncc1F)c1cccc2[nH]ncc12,True,False
GTC000280A,8.131,,NCCCCN(c1ccnc(Nc2ccc3[nH]c(=O)[nH]c3c2)n1)c1cccc2[nH]ncc12,True,False
GTC000281A,8.142999999999999,,NC(=O)c1cccc(Nc2nccc(n2)N(CCO)c2cccc3[nH]ncc23)c1,True,False
GTC000282A,8.1,,OC(=O)C(F)(F)F.CCN(c1cccc2[nH]ncc12)c1nc(Nc2cccc(O)c2)ncc1F,True,False
GTC000283A,8.09,,CCN(c1cccc2[nH]ncc12)c1nc(Nc2ccc3n(C)c(=O)[nH]c3c2)ncc1F,True,False
GTC000284A,8.056000000000001,,NS(=O)(=O)c1cccc(Nc2ncc(F)c(n2)N(CCCO)c2cccc3[nH]ncc23)c1,True,False
GTC000285A,8.079,,OC(=O)C(F)(F)F.COCCN(c1ccnc(Nc2ccc3CNS(=O)(=O)c3c2)n1)c1cccc2[nH]ncc12,True,False
GTC000286A,8.117,,Cc1ncoc1-c1cccc(Nc2nccc(n2)N(CCCCO)c2cccc3[nH]ncc23)c1,True,False
GTC000287A,8.094,,Cn1ncc2cc(Nc3nccc(n3)N(CCCCO)c3cccc4[nH]ncc34)ccc12,True,False
GTC000288A,7.984999999999999,0.3973940110268402,CS(=O)(=O)NCCCCN(c1ccnc(Nc2ccc3[nH]c(=O)[nH]c3c2)n1)c1cccc2[nH]ncc12,True,False
GTC000289A,7.974666666666667,0.2618574675913084,CCN(c1cccc2[nH]ncc12)c1nc(Nc2ccc3CN(C)S(=O)(=O)c3c2)ncc1F,True,False
GTC000290A,8.0375,0.19304015126392726,CCN(c1cccc2[nH]ncc12)c1nc(Nc2ccc3[nH]c(=O)[nH]c3c2)ncc1Cl,True,False
GTC000291A,8.040000000000001,0.14424978336205646,OC=O.OC=O.CCN(CC)CCCN(c1ccnc(Nc2ccc3CNS(=O)(=O)c3c2)n1)c1cccc2[nH]ncc12,True,False
GTC000292A,7.965,,O=c1[nH]c2ccc(Nc3nccc(n3)N(CC3CCNCC3)c3cccc4[nH]ncc34)cc2[nH]1,True,False
GTC000293A,8.032,,NCCCN(c1ccnc(Nc2ccc3[nH]c(=O)[nH]c3c2)n1)c1cccc2[nH]ncc12,True,False
GTC000294A,7.9910000000000005,,COCCCN(c1cccc2[nH]ncc12)c1nc(Nc2ccc3n(C)ncc3c2)ncc1F,True,False
GTC000295A,8.021,,OC(=O)C(F)(F)F.OCCCN(c1cccc2[nH]ncc12)c1nc(Nc2ccc3nn[nH]c3c2)ncc1F,True,False
GTC000296A,7.854333333333333,0.3855986687390575,COC(=O)CCCCN(c1ccnc(Nc2ccc3CNS(=O)(=O)c3c2)n1)c1cccc2[nH]ncc12,True,False
GTC000297A,7.940250000000001,0.14836076525371156,COC(=O)CCCN(c1ccnc(Nc2ccc3CNS(=O)(=O)c3c2)n1)c1cccc2[nH]ncc12,True,False
GTC000298A,7.866333333333333,0.0900906950430139,OC(=O)C(F)(F)F.COCCCN(c1nc(Nc2ccc3cnn(C)c3c2)ncc1F)c1cccc2[nH]ncc12,True,False
GTC000299A,7.858,,CCN(c1cccc2[nH]ncc12)c1nc(Nc2ccc3cnn(CCCCO)c3c2)ncc1F,True,False
GTC000300A,7.9479999999999995,,OC(=O)C(F)(F)F.CCN(c1cccc2[nH]ncc12)c1nc(Nc2cccc(c2)S(C)(=O)=O)ncc1F,True,False
GTC000301A,7.919,,COCCCN(c1cccc2[nH]ncc12)c1nc(Nc2cccc(c2)S(N)(=O)=O)ncc1F,True,False
GTC000302A,7.879,,OC=O.CCN(c1cccc2[nH]ncc12)c1nc(Nc2ccc3NC(=O)C(C)(C)c3c2)ncc1F,True,False
GTC000303A,7.938,,CN(c1cccc2[nH]ncc12)c1nc(Nc2ccc3n(C)ncc3c2)ncc1F,True,False
GTC000304A,7.867000000000001,,OC[C@H](O)CN(c1ccnc(Nc2ccc3CNS(=O)(=O)c3c2)n1)c1cccc2[nH]ncc12,True,False
GTC000305A,7.841,0.43274935008616716,OC(=O)C(F)(F)F.CCN(c1nc(Nc2ccc3n(ncc3c2)C(C)C)ncc1F)c1cccc2[nH]ncc12,True,False
GTC000306A,7.803,0.23178438256276054,CCN(c1cccc2[nH]ncc12)c1nc(Nc2cccc(c2)-c2cnco2)ncc1F,True,False
GTC000307A,7.8215,0.04454772721475198,OC(=O)C(F)(F)F.CCN(c1cccc2[nH]ncc12)c1nc(Nc2ccc3CN(CC)S(=O)(=O)c3c2)ncc1F,True,False
GTC000308A,7.782,0.043840620433565514,CS(=O)(=O)NCCCCCN(c1ccnc(Nc2ccc3[nH]c(=O)[nH]c3c2)n1)c1cccc2[nH]ncc12,True,False
GTC000309A,7.752999999999999,,OC(=O)C(F)(F)F.NC(=O)c1cccc(Nc2nccc(n2)N(CCCO)c2cccc3[nH]ncc23)c1,True,False
GTC000310A,7.784,,OC=O.CC(=O)NCCCCCN(c1ccnc(Nc2ccc3[nH]c(=O)[nH]c3c2)n1)c1cccc2[nH]ncc12,True,False
GTC000311A,7.816,,CS(=O)(=O)c1cccc(Nc2nccc(n2)N(CCO)c2cccc3[nH]ncc23)c1,True,False
GTC000312A,7.794,,OC(=O)C(F)(F)F.CCNC(=O)c1ccc(Nc2ncc(F)c(n2)N(CC)c2cccc3[nH]ncc23)cc1,True,False
GTC000313A,7.78,,OC(=O)C(F)(F)F.COCCN(c1ccnc(Nc2ccc3cnn(C)c3c2)n1)c1cccc2[nH]ncc12,True,False
GTC000314A,7.803999999999999,,OC(=O)C(F)(F)F.FC(F)(F)CN(c1ccnc(Nc2ccc3CNS(=O)(=O)c3c2)n1)c1cccc2[nH]ncc12,True,False
GTC000315A,7.789,,OC(=O)C(F)(F)F.COCCCN(c1nc(Nc2cccc(c2)-c2ocnc2C)ncc1F)c1cccc2[nH]ncc12,True,False
GTC000316A,7.785,,OC(=O)C(F)(F)F.CN(c1cccc2[nH]ncc12)c1nc(Nc2cccc(c2)-c2ocnc2C)ncc1F,True,False
GTC000317A,7.6643333333333326,0.31359581204686643,CCN(c1cccc2[nH]ncc12)c1nc(Nc2cccc(c2)-c2cnco2)ncc1Cl,True,False
GTC000318A,7.663,0.2955706345359776,OC(=O)C(F)(F)F.CCN(c1nc(Nc2cccc(c2)C(N)=O)ncc1F)c1cccc2[nH]ncc12,True,False
GTC000319A,7.74,,OC(=O)C(F)(F)F.CCN(c1cccc2[nH]ncc12)c1nc(Nc2ccc3N(CCc3c2)C(C)=O)ncc1F,True,False
GTC000320A,7.67,,OC(=O)C(F)(F)F.CCN(c1cccc2[nH]ncc12)c1nc(Nc2cccc(c2)-c2noc(C)n2)ncc1F,True,False
GTC000321A,7.6739999999999995,,CCN(c1cccc2[nH]ncc12)c1nc(Nc2ccc3[nH]c(=O)n(C)c3c2)ncc1F,True,False
GTC000322A,7.688,,OC(=O)C(F)(F)F.COCCN(c1ccnc(Nc2ccc3nn[nH]c3c2)n1)c1cccc2[nH]ncc12,True,False
GTC000323A,7.667000000000001,,OC(=O)C(F)(F)F.COCCN(c1ccnc(Nc2cccc(c2)-c2ocnc2C)n1)c1cccc2[nH]ncc12,True,False
GTC000324A,7.55,0.48366103833159924,OC(=O)C(F)(F)F.COCCCN(c1ccnc(Nc2cccc(c2)C(N)=O)n1)c1cccc2[nH]ncc12,True,False
GTC000325A,7.593666666666667,0.37371156435589925,OC(=O)C(F)(F)F.CCN(c1cccc2[nH]ncc12)c1nc(Nc2ccc3ncsc3c2)ncc1F,True,False
GTC000326A,7.603333333333334,0.37400044563253315,OC=O.CCN(c1cccc2[nH]ncc12)c1nc(Nc2ccc3CNC(=O)c3c2)ncc1F,True,False
GTC000327A,7.647666666666667,0.27950193797777767,OC=O.CCN(c1cccc2[nH]ncc12)c1nc(Nc2ccc3CNS(=O)(=O)c3c2)ncc1Br,True,False
GTC000328A,7.6395,0.28090864469906657,OC(=O)C(F)(F)F.CCN(c1cccc2[nH]ncc12)c1nc(Nc2ccc3cn[nH]c3c2)ncc1Cl,True,False
GTC000329A,7.5954999999999995,0.263950121550771,OC=O.OC=O.CCN(CC)CCCN(c1ccnc(Nc2cccc(c2)S(N)(=O)=O)n1)c1cccc2[nH]ncc12,True,False
GTC000330A,7.5765,0.19162593770155495,OC(=O)C(F)(F)F.CCN(c1cccc2[nH]ncc12)c1nc(Nc2ccc3CN(CC4CC4)S(=O)(=O)c3c2)ncc1F,True,False
GTC000331A,7.624,,CCN(c1cccc2[nH]ncc12)c1nc(Nc2cccc(c2)N2CCN(C)CC2)ncc1F,True,False
GTC000332A,7.622000000000001,,OC=O.CCN(CC)CCCN(c1ccnc(Nc2ccc3c(c2)C(=O)NS3(=O)=O)n1)c1cccc2[nH]ncc12,True,False
GTC000333A,7.564,,OC(=O)C(F)(F)F.CCN(c1cccc2[nH]ncc12)c1nc(Nc2ccc(CCO)cc2)ncc1F,True,False
GTC000334A,7.62,,OC(=O)C(F)(F)F.CCN(c1nc(Nc2ccc3cnn(C)c3c2)ncc1Cl)c1cccc2[nH]ncc12,True,False
GTC000335A,7.649,,OC(=O)C(F)(F)F.COCCN(c1ccnc(Nc2cccc(c2)S(N)(=O)=O)n1)c1cccc2[nH]ncc12,True,False
GTC000336A,7.5920000000000005,,OC(=O)C(F)(F)F.COCCCN(c1cccc2[nH]ncc12)c1nc(Nc2ccc3nn[nH]c3c2)ncc1F,True,False
GTC000337A,7.642,,OC(=O)C(F)(F)F.CN(c1cccc2[nH]ncc12)c1nc(Nc2cccc(c2)S(N)(=O)=O)ncc1F,True,False
GTC000338A,7.469,0.4369862698071874,CS(=O)(=O)c1cccc(Nc2nccc(n2)N(CCCO)c2cccc3[nH]ncc23)c1,True,False
GTC000339A,7.469,0.14566399692442844,CC(=O)N1CCC(CN(c2ccnc(Nc3ccc4[nH]c(=O)[nH]c4c3)n2)c2cccc3[nH]ncc23)CC1,True,False
GTC000340A,7.5329999999999995,,CCN(c1cccc2[nH]ncc12)c1nc(Nc2cccc(c2)-c2cccnc2)ncc1F,True,False
GTC000341A,7.515,,OC(=O)C(F)(F)F.CCN(c1cccc2[nH]ncc12)c1nc(Nc2cc(ccc2OC)S(N)(=O)=O)ncc1F,True,False
GTC000342A,7.471,,OC(=O)C(F)(F)F.CCN(c1nc(Nc2cccc(c2)S(=O)(=O)NC2CC2)ncc1F)c1cccc2[nH]ncc12,True,False
GTC000343A,7.486000000000001,,OC(=O)C(F)(F)F.CCN(c1cccc2[nH]ncc12)c1nc(Nc2ccc(C)c(c2)S(=O)(=O)NCCO)ncc1F,True,False
GTC000344A,7.497999999999999,,NC(=O)c1cccc(Nc2ncc(F)c(n2)N(CCCO)c2cccc3[nH]ncc23)c1,True,False
GTC000345A,7.5120000000000005,,OC(=O)C(F)(F)F.COCCN(c1ccnc(Nc2ccc3n(C)ncc3c2)n1)c1cccc2[nH]ncc12,True,False
GTC000346A,7.518,,OC(=O)C(F)(F)F.COCCCN(c1cccc2[nH]ncc12)c1nc(Nc2cccc(c2)C(N)=O)ncc1F,True,False
GTC000347A,7.478,,OC(=O)C(F)(F)F.COCCCN(c1cccc2[nH]ncc12)c1nc(Nc2cccc(c2)S(C)(=O)=O)ncc1F,True,False
GTC000348A,7.515,,OC(=O)C(F)(F)F.CCN(c1cccc2[nH]ncc12)c1nc(Nc2ccc(N)c(OC(C)=O)c2)ncc1F,True,False
GTC000349A,7.444,,OC(=O)C(F)(F)F.CCN(c1cccc2[nH]ncc12)c1nc(Nc2ccc(C)c(c2)S(N)(=O)=O)ncc1F,True,False
GTC000350A,7.392,,CCCN(c1cccc2[nH]ncc12)c1nc(Nc2ccc3CCS(=O)(=O)c3c2)ncc1F,True,False
GTC000351A,7.436,,OC(=O)C(F)(F)F.CN(c1cccc2[nH]ncc12)c1nc(Nc2ccc(cc2)C(N)=O)ncc1F,True,False
GTC000352A,7.3195,0.4475985924910852,OC(=O)C(F)(F)F.COCCCN(c1ccnc(Nc2cccc(c2)S(C)(=O)=O)n1)c1cccc2[nH]ncc12,True,False
GTC000353A,7.225,0.3719381669041229,CCN(c1cccc2[nH]ncc12)c1nc(Nc2ccc3CN(C)C(=O)c3c2)ncc1F,True,False
GTC000354A,7.229,,CCN(c1cccc2[nH]ncc12)c1nc(Nc2ccc3N(CCc3c2)C(=O)C(F)(F)F)ncc1F,True,False
GTC000355A,7.245,,OC(=O)C(F)(F)F.CCN(c1cccc2[nH]ncc12)c1nc(Nc2cccc(c2)S(N)(=O)=O)ncc1Cl,True,False
GTC000356A,7.227,,NS(=O)(=O)c1cccc(Nc2nccc(n2)N(CCCCO)c2cccc3[nH]ncc23)c1,True,False
GTC000357A,7.167999999999999,,OC(=O)C(F)(F)F.CCN(c1cccc2[nH]ncc12)c1nc(Nc2ccc3OCC(=O)Nc3c2)ncc1F,True,False
GTC000358A,7.087000000000001,,OC(=O)C(F)(F)F.CNC(=O)CN(c1cccc2[nH]ncc12)c1nc(Nc2ccc3CNS(=O)(=O)c3c2)ncc1F,True,False
GTC000359A,7.059,,OC(=O)C(F)(F)F.CN(c1cccc2[nH]ncc12)c1nc(Nc2cccc(c2)S(C)(=O)=O)ncc1F,True,False
GTC000360A,7.1,,OC(=O)C(F)(F)F.CS(=O)(=O)c1cccc(Nc2ncc(F)c(n2)N(CCCO)c2cccc3[nH]ncc23)c1,True,False
GTC000361A,7.141,,OC(=O)C(F)(F)F.CCN(c1cccc2[nH]ncc12)c1nc(Nc2ccc3[nH]c(=O)oc3c2)ncc1F,True,False
GTC000362A,7.059,,OC(=O)C(F)(F)F.CCN(c1nc(Nc2ccc(-c3cnco3)c(OC)c2)ncc1F)c1cccc2[nH]ncc12,True,False
GTC000363A,6.978,,CCN(c1cccc2[nH]ncc12)c1nc(Nc2ccc(cc2)N2CCN(C)CC2)ncc1F,True,False
GTC000364A,6.992999999999999,,OC(=O)C(F)(F)F.CCN(c1cccc2[nH]ncc12)c1nc(Nc2cc(ccc2C)S(N)(=O)=O)ncc1F,True,False
GTC000365A,7.007999999999999,,OC(=O)C(F)(F)F.NS(=O)(=O)c1cccc(Nc2nccc(n2)N(CC(F)(F)F)c2cccc3[nH]ncc23)c1,True,False
GTC000366A,6.959,,OC(=O)C(F)(F)F.CN(c1cccc2[nH]ncc12)c1nc(Nc2cccc(c2)C(N)=O)ncc1F,True,False
GTC000367A,6.85525,0.15700398084125147,OC(=O)C(F)(F)F.CNC(=O)CN(c1cccc2[nH]ncc12)c1nc(Nc2ccc3CCS(=O)(=O)c3c2)ncc1F,True,False
GTC000368A,6.8469999999999995,0.29274220741123047,OC=O.OC=O.CCN(CC)CCCN(c1ccnc(Nc2ccc3c(CNS3(=O)=O)c2)n1)c1cccc2[nH]ncc12,True,False
GTC000369A,6.702999999999999,,OC(=O)C(F)(F)F.NC(=O)CN(c1cccc2[nH]ncc12)c1nc(Nc2ccc3CCS(=O)(=O)c3c2)ncc1F,True,False
GTC000370A,6.726,,CCN(c1cccc2[nH]ncc12)c1nc(Nc2ccc3c(C)n(CCCO)nc3c2)ncc1F,True,False
GTC000371A,6.647,,OC(=O)C(F)(F)F.NCCN(c1nc(Nc2ccc3CCS(=O)(=O)c3c2)ncc1F)c1cccc2[nH]ncc12,True,False
GTC000372A,6.6129999999999995,,CCN(c1cccc2[nH]ncc12)c1nc(Nc2ccc(cc2)C(=O)N2CCN(C)CC2)ncc1F,True,False
GTC000373A,6.205,,OC(=O)C(F)(F)F.CCN(c1cccc2[nH]ncc12)c1nc(Nc2cc(ccc2OC)S(=O)(=O)NCC2CCCO2)ncc1F,True,False
