05L	REL
07E	REL
0HX	REL
0LP	REL
0MK	REL
0NZ	REL
0WK	REL
0XY	REL
0YT	REL
12E	REL
145	REL
147	REL
149	REL
14T	REL
15L	REL
16F	REL
16G	REL
16O	REL
17T	REL
18D	REL
18O	REL
1CF	REL
1GL	REL
1GN	REL
1S3	REL
1S4	REL
1SD	REL
1X4	REL
20X	REL
22O	REL
22S	REL
23V	REL
24S	REL
25E	REL
26O	REL
27C	REL
289	REL
291	REL
293	REL
2DG	REL
2DR	REL
2F8	REL
2FG	REL
2GL	REL
2GS	REL
2H5	REL
2M5	REL
2M8	REL
2WP	REL
32O	REL
34V	REL
3DO	REL
3FM	REL
3HD	REL
3J3	REL
3J4	REL
3LJ	REL
3MG	REL
3MK	REL
3R3	REL
3S6	REL
3YW	REL
42D	REL
445	REL
44S	REL
46Z	REL
475	REL
491	REL
49A	REL
49S	REL
49T	REL
49V	REL
4AM	REL
4GL	REL
4GP	REL
4JA	REL
4N2	REL
4NN	REL
4QY	REL
4R1	REL
4SG	REL
4UZ	REL
4V5	REL
50A	REL
510	REL
51N	REL
56N	REL
57S	REL
5DI	REL
5GF	REL
5KQ	REL
5KV	REL
5L2	REL
5L3	REL
5LS	REL
5LT	REL
5N6	REL
5QP	REL
5TH	REL
5TJ	REL
5TK	REL
5TM	REL
604	REL
61J	REL
62I	REL
64K	REL
66O	REL
6BG	REL
6C2	REL
6GP	REL
6GR	REL
6K3	REL
6KH	REL
6KL	REL
6KS	REL
6KU	REL
6KW	REL
6LS	REL
6LW	REL
6MJ	REL
6MN	REL
6PY	REL
6PZ	REL
6S2	REL
6UD	REL
6Y6	REL
6YR	REL
6ZC	REL
73E	REL
79J	REL
7CV	REL
7D1	REL
7GP	REL
7JZ	REL
7K2	REL
7K3	REL
7NU	REL
83Y	REL
89Y	REL
8B9	REL
8EX	REL
8GA	REL
8GG	REL
8GP	REL
8LM	REL
8LR	REL
8OQ	REL
8PK	REL
8S0	REL
95Z	REL
96O	REL
9AM	REL
9C1	REL
9CD	REL
9GP	REL
9KJ	REL
9MR	REL
9OK	REL
9PG	REL
9QG	REL
9S7	REL
9SG	REL
9SJ	REL
9SM	REL
9SP	REL
9T1	REL
9T7	REL
9VP	REL
9WJ	REL
9WN	REL
9WZ	REL
9YW	REL
A0K	REL
A1Q	REL
A2G	REL
A5C	REL
A6P	REL
AAL	REL
ABE	REL
ABF	REL
ABL	REL
AC1	REL
ADA	REL
AF1	REL
AFD	REL
AFO	REL
AFP	REL
AFR	REL
AGL	REL
AH2	REL
AH8	REL
AHG	REL
AHM	REL
AHR	REL
AIG	REL
ALL	REL
ALX	REL
AMG	REL
AMN	REL
AMU	REL
AMV	REL
ANA	REL
AOG	REL
AQA	REL
ARA	REL
ARB	REL
ARI	REL
ARW	REL
ASC	REL
ASG	REL
ASO	REL
AXP	REL
AXR	REL
AY9	REL
AZC	REL
B0D	REL
B16	REL
B1H	REL
B1N	REL
B6D	REL
B7G	REL
B8D	REL
B9D	REL
BBK	REL
BBV	REL
BDF	REL
BDG	REL
BDP	REL
BDR	REL
BEM	REL
BFN	REL
BG6	REL
BG8	REL
BGC	REL
BGL	REL
BGN	REL
BGP	REL
BGS	REL
BHG	REL
BM3	REL
BM7	REL
BMA	REL
BMX	REL
BND	REL
BNG	REL
BNX	REL
BO1	REL
BOG	REL
BQY	REL
BS7	REL
BTG	REL
BWG	REL
BXF	REL
BXX	REL
BXY	REL
BZD	REL
C3B	REL
C3G	REL
C3X	REL
C4B	REL
C4W	REL
C5X	REL
CBF	REL
CDR	REL
CEG	REL
CEZ	REL
CGF	REL
CJB	REL
CKB	REL
CKP	REL
CNP	REL
CR1	REL
CR6	REL
CRA	REL
D1M	REL
D5E	REL
D6G	REL
DAF	REL
DAG	REL
DAN	REL
DDA	REL
DDL	REL
DEG	REL
DFR	REL
DFX	REL
DGO	REL
DGS	REL
DJB	REL
DJE	REL
DK4	REL
DKX	REL
DKZ	REL
DL6	REL
DLF	REL
DLG	REL
DO8	REL
DPC	REL
DRI	REL
DSR	REL
DT6	REL
DVC	REL
DYM	REL
E3M	REL
E5G	REL
EAG	REL
EBG	REL
EBQ	REL
EEN	REL
EEQ	REL
EGA	REL
EMP	REL
EMZ	REL
EPG	REL
EQP	REL
EQV	REL
ERE	REL
ERI	REL
ETT	REL
F1P	REL
F1X	REL
F55	REL
F58	REL
F6P	REL
FBP	REL
FCA	REL
FCB	REL
FDP	REL
FDQ	REL
FFX	REL
FIF	REL
FK9	REL
FKD	REL
FMF	REL
FNG	REL
FRU	REL
FSA	REL
FSI	REL
FSR	REL
FSW	REL
FUB	REL
FUC	REL
FUF	REL
FUL	REL
FUY	REL
FVQ	REL
FX1	REL
FYJ	REL
G0S	REL
G16	REL
G1P	REL
G20	REL
G28	REL
G2F	REL
G3F	REL
G4D	REL
G4S	REL
G6D	REL
G6P	REL
G6S	REL
G7P	REL
G8Z	REL
GAA	REL
GAD	REL
GAF	REL
GAL	REL
GAT	REL
GBH	REL
GC1	REL
GC4	REL
GC9	REL
GCB	REL
GCD	REL
GCN	REL
GCO	REL
GCS	REL
GCT	REL
GCU	REL
GCV	REL
GCW	REL
GDA	REL
GDL	REL
GE1	REL
GE3	REL
GFP	REL
GIV	REL
GL0	REL
GL1	REL
GL2	REL
GL4	REL
GL5	REL
GL6	REL
GL7	REL
GL9	REL
GLA	REL
GLC	REL
GLD	REL
GLF	REL
GLG	REL
GLO	REL
GLP	REL
GLS	REL
GLT	REL
GM0	REL
GMB	REL
GMH	REL
GMT	REL
GMZ	REL
GN1	REL
GN4	REL
GNS	REL
GNX	REL
GP0	REL
GP1	REL
GP4	REL
GPH	REL
GPK	REL
GPM	REL
GPO	REL
GPQ	REL
GPU	REL
GPV	REL
GPW	REL
GQ1	REL
GRF	REL
GRX	REL
GS1	REL
GS9	REL
GTK	REL
GTM	REL
GTR	REL
GU0	REL
GU1	REL
GU2	REL
GU3	REL
GU4	REL
GU5	REL
GU6	REL
GU8	REL
GU9	REL
GUF	REL
GUL	REL
GUP	REL
GUZ	REL
GXL	REL
GYE	REL
GYG	REL
GYP	REL
GYU	REL
GYV	REL
GZL	REL
H1M	REL
H2P	REL
H53	REL
H6Q	REL
H6Z	REL
HBZ	REL
HD4	REL
HNV	REL
HNW	REL
HSG	REL
HSH	REL
HSJ	REL
HSQ	REL
HSX	REL
HSY	REL
HTG	REL
HTM	REL
I57	REL
IDC	REL
IDF	REL
IDG	REL
IDR	REL
IDS	REL
IDU	REL
IDX	REL
IDY	REL
IEM	REL
IN1	REL
IPT	REL
ISD	REL
ISL	REL
ISX	REL
IXD	REL
J5B	REL
JFZ	REL
JHM	REL
JLT	REL
JS2	REL
JV4	REL
JVA	REL
JVS	REL
JZR	REL
K5B	REL
K99	REL
KBA	REL
KBG	REL
KD5	REL
KDA	REL
KDB	REL
KDD	REL
KDE	REL
KDF	REL
KDM	REL
KDN	REL
KDO	REL
KDR	REL
KFN	REL
KG1	REL
KGM	REL
KHP	REL
KME	REL
KO1	REL
KO2	REL
KOT	REL
KTU	REL
L1L	REL
L6S	REL
LAH	REL
LAO	REL
LCN	REL
LDY	REL
LEC	REL
LFR	REL
LGC	REL
LGU	REL
LKA	REL
LKS	REL
LNV	REL
LOG	REL
LOX	REL
LRH	REL
LVO	REL
LVZ	REL
LXB	REL
LXC	REL
LXZ	REL
LZ0	REL
M1P	REL
M2F	REL
M3N	REL
M55	REL
M6D	REL
M6P	REL
M7B	REL
M7P	REL
M8C	REL
MA1	REL
MA2	REL
MA3	REL
MA8	REL
MAF	REL
MAG	REL
MAN	REL
MAT	REL
MAV	REL
MAW	REL
MBE	REL
MBF	REL
MBG	REL
MCU	REL
MDA	REL
MDP	REL
MFB	REL
MFU	REL
MG5	REL
MGC	REL
MGL	REL
MGS	REL
MJJ	REL
MMA	REL
MN0	REL
MNA	REL
MQG	REL
MQT	REL
MRH	REL
MRP	REL
MSX	REL
MUB	REL
MUR	REL
MXY	REL
MXZ	REL
MYG	REL
N1L	REL
NA1	REL
NAA	REL
NAG	REL
NBG	REL
NBX	REL
NBY	REL
NDG	REL
NFG	REL
NG1	REL
NG6	REL
NGA	REL
NGC	REL
NGE	REL
NGK	REL
NGS	REL
NGY	REL
NGZ	REL
NHF	REL
NM6	REL
NM9	REL
NNG	REL
NPF	REL
NSQ	REL
NTF	REL
NXD	REL
O1G	REL
OAK	REL
OEL	REL
OI7	REL
OPM	REL
OTG	REL
OTN	REL
OTU	REL
OX2	REL
P53	REL
P6P	REL
PA1	REL
PAV	REL
PDX	REL
PH5	REL
PKM	REL
PNA	REL
PNG	REL
PNJ	REL
PNW	REL
PPC	REL
PRP	REL
PSG	REL
PSV	REL
PUF	REL
PZU	REL
QIF	REL
R1P	REL
R1X	REL
R2B	REL
R2G	REL
RAE	REL
RAM	REL
RAO	REL
RER	REL
RF5	REL
RGG	REL
RHA	REL
RHC	REL
RI2	REL
RIB	REL
RIP	REL
RM4	REL
RP3	REL
RP5	REL
RP6	REL
RR7	REL
RRJ	REL
RRY	REL
RST	REL
RTG	REL
RTV	REL
RUG	REL
RUU	REL
RV7	REL
RVG	REL
RVM	REL
RWI	REL
RY7	REL
RZM	REL
S7P	REL
S81	REL
SA0	REL
SCG	REL
SDY	REL
SEJ	REL
SF6	REL
SF9	REL
SFJ	REL
SFU	REL
SG4	REL
SG5	REL
SG6	REL
SG7	REL
SGA	REL
SGC	REL
SGD	REL
SGN	REL
SHB	REL
SHD	REL
SHG	REL
SIA	REL
SID	REL
SIO	REL
SIZ	REL
SLB	REL
SLM	REL
SN5	REL
SNG	REL
SOE	REL
SOG	REL
SOR	REL
SR1	REL
SSG	REL
STZ	REL
SUS	REL
SZZ	REL
T68	REL
T6T	REL
TA6	REL
TEU	REL
TFU	REL
TGA	REL
TGK	REL
TGR	REL
TGY	REL
TH1	REL
TMR	REL
TMX	REL
TNX	REL
TOA	REL
TOC	REL
TQY	REL
TRV	REL
TS8	REL
TT7	REL
TTV	REL
TTZ	REL
TU4	REL
TUG	REL
TUJ	REL
TUP	REL
TVD	REL
TVG	REL
TVM	REL
TVS	REL
TVV	REL
TVY	REL
TW7	REL
TWA	REL
TWD	REL
TWG	REL
TWJ	REL
TWY	REL
TXB	REL
TYV	REL
U1Y	REL
U2A	REL
U2D	REL
U8V	REL
U97	REL
U9A	REL
U9D	REL
U9G	REL
U9J	REL
U9M	REL
UAP	REL
UDC	REL
UEA	REL
V71	REL
VG1	REL
VTB	REL
WIA	REL
WOO	REL
WUN	REL
X0X	REL
X1P	REL
X1X	REL
X2F	REL
X6X	REL
XDX	REL
XGP	REL
XIL	REL
XLF	REL
XLS	REL
XMM	REL
XXM	REL
XXR	REL
XXX	REL
XYF	REL
XYL	REL
XYP	REL
XYS	REL
XYZ	REL
YIO	REL
YJM	REL
YKR	REL
YO5	REL
YX0	REL
YX1	REL
YYB	REL
YYH	REL
YYJ	REL
YYK	REL
YYM	REL
YYQ	REL
YZ0	REL
Z0F	REL
Z15	REL
Z16	REL
Z2D	REL
Z2T	REL
Z3K	REL
Z3L	REL
Z3Q	REL
Z3U	REL
Z4K	REL
Z4R	REL
Z4S	REL
Z4U	REL
Z4V	REL
Z4W	REL
Z4Y	REL
Z57	REL
Z5J	REL
Z5L	REL
Z61	REL
Z6H	REL
Z6J	REL
Z6W	REL
Z8H	REL
Z8T	REL
Z9D	REL
Z9E	REL
Z9H	REL
Z9K	REL
Z9L	REL
Z9M	REL
Z9N	REL
Z9W	REL
ZB0	REL
ZB1	REL
ZB2	REL
ZB3	REL
ZCD	REL
ZCZ	REL
ZD0	REL
ZDC	REL
ZDO	REL
ZEE	REL
ZEL	REL
ZGE	REL
ZMR	REL
V3M	REL
V3P	REL
MAL	OBS
RAF	OBS
SUC	OBS
LAT	OBS
CBI	OBS
TRE	OBS
ACR	OBS
LBT	OBS
MLR	OBS
MTT	OBS
CTT	OBS
BCD	OBS
SCR	OBS
CTR	OBS
ACX	OBS
CE5	OBS
CTO	OBS
N9S	OBS
NLC	OBS
CE6	OBS
CT3	OBS
QPS	OBS
CBK	OBS
LB2	OBS
SLT	OBS
H1S	OBS
TDG	OBS
NTO	OBS
DQR	OBS
CEX	OBS
NTP	OBS
SWE	OBS
SMD	OBS
TCB	OBS
CEY	OBS
DR2	OBS
MLB	OBS
W9T	OBS
T6P	OBS
FCT	OBS
LAK	OBS
RCD	OBS
20S	OBS
NYT	OBS
OSU	OBS
4U1	OBS
BTU	OBS
DOM	OBS
DR3	OBS
FFC	OBS
LBS	OBS
NGR	OBS
XYT	OBS
BDZ	OBS
4CQ	OBS
FNY	OBS
SUP	OBS
UCD	OBS
AGR	OBS
ABD	OBS
GAC	OBS
IAB	OBS
0UB	OBS
2FL	OBS
38J	OBS
4U0	OBS
4U2	OBS
5GO	OBS
6GB	OBS
8B7	OBS
9QZ	OBS
CE8	OBS
D0N	OBS
DEL	OBS
DLD	OBS
DR5	OBS
FMO	OBS
M1F	OBS
NT1	OBS
TCG	OBS
TUR	OBS
U63	OBS
FSM	OBS
TF0	OBS
BCW	OBS
QKH	OBS
MVP	OBS
045	OBS
2OS	OBS
40J	OBS
4RS	OBS
STW	OBS
T6D	OBS
H3S	OBS
0TS	OBS
1FT	OBS
DP5	OBS
JRV	OBS
JSV	OBS
TM5	OBS
TM6	OBS
WZ1	OBS
X4S	OBS
X5S	OBS
XS2	OBS
YDR	OBS
WZ2	OBS
WZ4	OBS
1LL	OBS
3SA	OBS
2M4	OBS
M3M	OBS
B2G	OBS
B4G	OBS
MAB	OBS
BXP	OBS
2WS	OBS
6DM	OBS
CBS	REF_ONLY
MDM	REF_ONLY
GCX	REF_ONLY
GXX	REF_ONLY
FXP	REF_ONLY
AD0	REF_ONLY
KD2	REF_ONLY
BGA	REF_ONLY
BGB	REF_ONLY
UNF	REF_ONLY
UNG	REF_ONLY
2XV	REF_ONLY
2M6	REF_ONLY
2SD	REF_ONLY
3PV	REF_ONLY
3ZW	REF_ONLY
4A4	REF_ONLY
8VQ	REF_ONLY
8VZ	REF_ONLY
BAD	REF_ONLY
CGC	REF_ONLY
DXI	REF_ONLY
EU8	REF_ONLY
GQ2	REF_ONLY
GQ4	REF_ONLY
KD1	REF_ONLY
KHO	REF_ONLY
KTS	REF_ONLY
M13	REF_ONLY
M2J	REF_ONLY
M7J	REF_ONLY
MFS	REF_ONLY
MGU	REF_ONLY
P3M	REF_ONLY
VAM	REF_ONLY
XLM	REF_ONLY
AS5	REF_ONLY
M5G	REF_ONLY
M5S	REF_ONLY
WZ3	REF_ONLY
WZ5	REF_ONLY
SUM	REF_ONLY
GFG	REF_ONLY
HS2	REF_ONLY
L42	REF_ONLY
XD3	REF_ONLY
